{"cameraMode":{"drawMode":0,"name":"Shaded","section":"Shading Mode"},"sceneLighting":true,"audioPlay":false,"sceneViewState":{"showFog":false,"showMaterialUpdate":false,"showSkybox":false,"showFlares":false,"showImageEffects":false,"showParticleSystems":true},"in2DMode":false,"pivot":{"x":6938.07177734375,"y":3326.23095703125,"z":-1968.09814453125},"rotation":{"x":0.2494029402732849,"y":-0.07833477854728699,"z":0.020246174186468126,"w":0.9650139212608337},"size":4282.1787109375,"orthographic":false}