{"cameraMode":{"drawMode":0,"name":"Shaded","section":"Shading Mode"},"sceneLighting":true,"audioPlay":false,"sceneViewState":{"showFog":true,"showMaterialUpdate":true,"showSkybox":true,"showFlares":true,"showImageEffects":true,"showParticleSystems":true},"in2DMode":false,"pivot":{"x":9.962318420410157,"y":-763.314208984375,"z":525.9873046875},"rotation":{"x":-0.46470367908477785,"y":-0.005574887618422508,"z":0.002925935434177518,"w":-0.885443925857544},"size":942.3824462890625,"orthographic":false}