{"cameraMode":{"drawMode":0,"name":"Shaded","section":"Shading Mode"},"sceneLighting":true,"audioPlay":false,"sceneViewState":{"showFog":false,"showMaterialUpdate":false,"showSkybox":false,"showFlares":false,"showImageEffects":false,"showParticleSystems":true},"in2DMode":false,"pivot":{"x":12231.482421875,"y":-2316.954833984375,"z":7268.7314453125},"rotation":{"x":0.12673336267471314,"y":0.21570730209350587,"z":-0.028246359899640085,"w":0.9677867889404297},"size":15462.990234375,"orthographic":false}