{"cameraMode":{"drawMode":0,"name":"Shaded","section":"Shading Mode"},"sceneLighting":true,"audioPlay":false,"sceneViewState":{"showFog":false,"showMaterialUpdate":false,"showSkybox":false,"showFlares":false,"showImageEffects":false,"showParticleSystems":true},"in2DMode":false,"pivot":{"x":-335.04486083984377,"y":2770.390625,"z":453.37786865234377},"rotation":{"x":0.09208638221025467,"y":-0.35446587204933169,"z":0.03510449826717377,"w":0.9298611879348755},"size":4695.24267578125,"orthographic":false}