{"cameraMode":{"drawMode":0,"name":"Shaded","section":"Shading Mode"},"sceneLighting":true,"audioPlay":false,"sceneViewState":{"showFog":false,"showMaterialUpdate":false,"showSkybox":false,"showFlares":false,"showImageEffects":false,"showParticleSystems":true},"in2DMode":false,"pivot":{"x":-63.60256576538086,"y":219.06788635253907,"z":-554.6722412109375},"rotation":{"x":0.2494029551744461,"y":-0.07833478599786759,"z":0.020246176049113275,"w":0.9650139808654785},"size":20.00524139404297,"orthographic":false}