{"cameraMode":{"drawMode":0,"name":"Shaded","section":"Shading Mode"},"sceneLighting":true,"audioPlay":false,"sceneViewState":{"showFog":false,"showMaterialUpdate":false,"showSkybox":false,"showFlares":false,"showImageEffects":false,"showParticleSystems":true},"in2DMode":false,"pivot":{"x":3.984065532684326,"y":-42.4286994934082,"z":73.57009887695313},"rotation":{"x":-0.2568744421005249,"y":0.012761055491864682,"z":-0.003391936421394348,"w":-0.9663546085357666},"size":91.1048812866211,"orthographic":false}