{"cameraMode":{"drawMode":0,"name":"Shaded","section":"Shading Mode"},"sceneLighting":true,"audioPlay":false,"sceneViewState":{"showFog":false,"showMaterialUpdate":false,"showSkybox":false,"showFlares":false,"showImageEffects":false,"showParticleSystems":true},"in2DMode":false,"pivot":{"x":3324.239013671875,"y":-6658.3525390625,"z":5888.912109375},"rotation":{"x":0.41889679431915285,"y":-0.016884904354810716,"z":0.007792062591761351,"w":0.9078434705734253},"size":21343.708984375,"orthographic":false}